Date,Open,High,Low,Close,Adj Close,Volume
2015-01-01,2608.6563215910214,2609.2571131768505,2605.8735306777858,2607.9594515145704,2607.9594515145704,3150185
2015-01-02,2601.9749703333946,2604.307063362221,2601.0943356855705,2603.7592244535285,2603.7592244535285,1167146
2015-01-05,2601.7914443451964,2602.3897083393385,2600.8824275502006,2601.3698000617264,2601.3698000617264,1883925
2015-01-06,2605.8855516981657,2606.9604578397852,2605.5544918060186,2605.521842079773,2605.521842079773,1116292
2015-01-07,2598.3192829976847,2599.4293449662155,2595.332024011424,2598.6701506909703,2598.6701506909703,1693305
2015-01-08,2591.259262636101,2591.5291127575383,2590.05790379995,2591.872632215302,2591.872632215302,3819707
2015-01-09,2589.7178947515886,2590.738525963117,2588.827248952828,2589.592037328034,2589.592037328034,4065649
2015-01-12,2597.627484243298,2598.6010591838194,2596.9655391454476,2598.1177954513687,2598.1177954513687,3728986
2015-01-13,2596.0162551307963,2596.4290300805433,2592.507905703346,2595.2094069394816,2595.2094069394816,4544314
2015-01-14,2592.592006739271,2593.1729415854015,2589.8907371709092,2593.0174736869735,2593.0174736869735,4563886
2015-01-15,2587.2644771770406,2588.83082638606,2585.902205402619,2587.9112594322555,2587.9112594322555,2738141
2015-01-16,2591.9556879316897,2594.302600465984,2590.1085851167572,2590.7322817277836,2590.7322817277836,4825680
2015-01-19,2594.402261328732,2594.6584419327714,2593.0697194899417,2594.640704310661,2594.640704310661,4334909
2015-01-20,2590.2150258677752,2591.0918461473634,2586.9505518441665,2591.006557628356,2591.006557628356,2252227
2015-01-21,2601.3942524524837,2602.0100967238445,2598.0255699356667,2600.770202327737,2600.770202327737,4974835
2015-01-22,2602.988747837995,2603.787495122682,2602.767409423678,2601.5392582805625,2601.5392582805625,2363250
2015-01-23,2605.3153811671887,2605.421181709414,2603.908934492574,2606.052639994251,2606.052639994251,4279274
2015-01-26,2611.355028084955,2613.0138976161234,2609.0348116386576,2610.634815515942,2610.634815515942,1381533
2015-01-27,2604.3135390854413,2605.016131130287,2601.539496168579,2603.8322405689264,2603.8322405689264,2206764
2015-01-28,2604.353098353886,2605.0102974488987,2601.384013226071,2601.8100968006397,2601.8100968006397,1748828
2015-01-29,2600.255121134254,2602.471686757744,2598.903760787554,2600.7536606677795,2600.7536606677795,2713758
2015-01-30,2600.1046557983664,2601.6585239611127,2596.632034971861,2599.758617285964,2599.758617285964,4319278
2015-02-02,2602.8103004633876,2603.2479348237093,2602.16468576642,2601.537527770688,2601.537527770688,1359960
2015-02-03,2600.982209970868,2602.3710877616877,2600.9051101091295,2600.837498342211,2600.837498342211,1906854
2015-02-04,2591.67057018589,2592.232187015181,2590.208975256271,2592.4761396288964,2592.4761396288964,4303889
2015-02-05,2594.1822721728604,2594.8829307710166,2592.4950741333278,2596.3486911278383,2596.3486911278383,1329523
2015-02-06,2594.15525827356,2596.7033287008494,2594.079358255434,2595.027486454559,2595.027486454559,2721694
2015-02-09,2591.422040360729,2591.4481502598255,2590.9587251160474,2592.497665687845,2592.497665687845,4677128
2015-02-10,2598.3488154529314,2599.4771059142313,2597.2915465098986,2596.7394728286586,2596.7394728286586,4024091
2015-02-11,2600.647149680533,2604.4854837434077,2600.456702024001,2599.954359667395,2599.954359667395,4544776
2015-02-12,2602.306369127759,2603.435903034063,2600.841682451853,2603.086924582333,2603.086924582333,2182382
2015-02-13,2589.7539964249836,2593.9231433008317,2588.348351341781,2591.7482457875412,2591.7482457875412,1367230
2015-02-16,2598.051081792408,2601.308079219982,2595.701536546201,2599.553320639989,2599.553320639989,2442597
2015-02-17,2598.2115868826886,2599.4200617236143,2592.9507070572704,2598.4352367203237,2598.4352367203237,4102209
2015-02-18,2602.3864971908342,2604.501510101223,2600.3253420128726,2601.21917419592,2601.21917419592,2370181
2015-02-19,2597.7368811535957,2598.173006396102,2597.2529822681367,2597.5482800730333,2597.5482800730333,4800083
2015-02-20,2592.632996840141,2593.3303504141622,2591.6618410901565,2592.1639363392865,2592.1639363392865,2217654
2015-02-23,2588.6906301471868,2590.0820285818527,2587.2355823577377,2589.1756604803804,2589.1756604803804,2240159
2015-02-24,2574.7774790090575,2575.638616295106,2574.437553090723,2574.460149196587,2574.460149196587,3062272
2015-02-25,2574.290811438727,2576.4529141862704,2573.4529641042036,2574.5035984745978,2574.5035984745978,4713375
2015-02-26,2571.9235793073817,2574.7101893068425,2570.4165917808964,2571.259404279126,2571.259404279126,3635897
2015-02-27,2571.9820535587555,2573.311746477051,2571.8617542376505,2570.3727663468158,2570.3727663468158,3381527
2015-03-02,2570.142972347757,2573.569379936202,2566.472995310614,2570.5461784733343,2570.5461784733343,3512229
2015-03-03,2563.846486767449,2567.022699588829,2561.1706594303173,2563.807391133602,2563.807391133602,4947573
2015-03-04,2558.449827041726,2559.308750027511,2557.7344634344227,2557.7677162539894,2557.7677162539894,2819546
2015-03-05,2553.5046872034136,2553.8594512713175,2553.122418170398,2553.355715075109,2553.355715075109,2451776
2015-03-06,2559.1723898638256,2561.9619968921465,2557.408632760249,2557.3216089709927,2557.3216089709927,3050792
2015-03-09,2561.8716998671052,2567.5094650591914,2559.659276614455,2560.61436845443,2560.61436845443,4709382
2015-03-10,2551.1265635369227,2551.5199329593365,2549.3907756368253,2551.954288281935,2551.954288281935,1401484
2015-03-11,2549.749197277387,2551.505263659121,2546.5687154867533,2548.837142408547,2548.837142408547,1353925
2015-03-12,2547.2705939877355,2548.068206060141,2546.7339478191984,2547.2901312621125,2547.2901312621125,2931755
2015-03-13,2541.9422981829516,2542.5136687176637,2541.7790827178637,2542.3513268530064,2542.3513268530064,2139090
2015-03-16,2552.7423057767037,2553.855738179099,2552.014569556679,2553.931152673972,2553.931152673972,4263196
2015-03-17,2553.751490457763,2556.182933133743,2552.470023294907,2554.4040493167336,2554.4040493167336,1174583
2015-03-18,2557.301724746053,2561.1600433338176,2556.5286826393944,2556.755207541798,2556.755207541798,1094558
2015-03-19,2563.963421263497,2564.5433370774344,2560.395923082074,2563.1504639502887,2563.1504639502887,1364557
2015-03-20,2558.6126203891217,2559.029300740767,2555.060704037806,2558.852680184477,2558.852680184477,2507773
2015-03-23,2569.375523567199,2572.3016881604826,2565.335959780848,2569.138524471224,2569.138524471224,4159708
2015-03-24,2561.4324587180263,2561.8866914734604,2560.519590559583,2562.314879322407,2562.314879322407,1890936
2015-03-25,2562.5385783587694,2562.815636172299,2562.2158680345747,2563.841081283325,2563.841081283325,3210256
2015-03-26,2568.019439865244,2568.897346966611,2567.970708292088,2568.2893820625136,2568.2893820625136,2106608
2015-03-27,2568.3071235485895,2569.264354565548,2567.039091196499,2567.3661398695613,2567.3661398695613,1085365
2015-03-30,2565.3971642952606,2567.623406241783,2562.640152265251,2563.7683777982793,2563.7683777982793,2066998
2015-03-31,2553.9511959988713,2554.657107303559,2551.7177166188712,2554.131809048947,2554.131809048947,1257707
2015-04-01,2544.367473460674,2545.83419954055,2543.777469502836,2541.5286656085955,2541.5286656085955,1211712
2015-04-02,2545.9700366444185,2546.1907174440207,2542.5577216835954,2546.306265304641,2546.306265304641,3917980
2015-04-03,2547.020352859221,2548.691633426594,2545.146034123158,2547.354904962054,2547.354904962054,3276911
2015-04-06,2551.2602352887884,2552.0849735971983,2549.6754725540163,2551.2754480279814,2551.2754480279814,1624824
2015-04-07,2548.324797780592,2548.761651426256,2547.6683732428673,2548.3672488692823,2548.3672488692823,4693164
2015-04-08,2551.588021166551,2554.4225286792584,2550.8477842885854,2552.2243454998234,2552.2243454998234,4413852
2015-04-09,2558.275131967958,2558.559949373903,2556.734645519505,2556.778715174573,2556.778715174573,1225023
2015-04-10,2560.8456858093864,2562.054430704162,2559.501850916899,2560.639899935848,2560.639899935848,2085833
2015-04-13,2554.6008333855684,2555.8441942382815,2554.4410065405823,2553.7853524704265,2553.7853524704265,2337023
2015-04-14,2552.869153924845,2555.818319506635,2549.9555618879986,2553.1144638967157,2553.1144638967157,1982026
2015-04-15,2555.9153634579243,2556.1834880278593,2551.4836405784636,2556.6218050565885,2556.6218050565885,3153436
2015-04-16,2552.1469194725273,2554.1384998001554,2552.016943580261,2551.654083851244,2551.654083851244,3257837
2015-04-17,2545.8933963547297,2546.439956109638,2543.955094162162,2546.44813253171,2546.44813253171,2119197
2015-04-20,2541.4805101102365,2543.0223002239663,2540.275346147518,2540.9089465963766,2540.9089465963766,4712521
2015-04-21,2543.2943439177347,2544.743345606001,2539.053516395478,2544.0498070784233,2544.0498070784233,1737443
2015-04-22,2537.864832167202,2541.491042656856,2537.33549624115,2537.3602186210937,2537.3602186210937,4899539
2015-04-23,2533.352061506904,2534.5990293818913,2531.3566203180544,2532.8690723063646,2532.8690723063646,4283603
2015-04-24,2533.1268846007843,2533.3081753226265,2532.800971351075,2533.908373475045,2533.908373475045,1432488
2015-04-27,2538.8502759721105,2539.723284862624,2535.9318953245133,2540.8458005956995,2540.8458005956995,3939632
2015-04-28,2541.939726860509,2543.499677141486,2539.960927885425,2542.772390858374,2542.772390858374,2927915
2015-04-29,2545.2651248320585,2547.1687698110327,2543.9079641133267,2544.6046367294457,2544.6046367294457,2733764
2015-04-30,2541.1899996450675,2545.5108371315423,2540.0434615538834,2541.839689095465,2541.839689095465,1938450
2015-05-01,2548.407970073456,2549.1732438860195,2547.588919513186,2547.437460086964,2547.437460086964,3314519
2015-05-04,2548.878003851212,2551.371718163134,2548.0394834988706,2549.606873505684,2549.606873505684,2291358
2015-05-05,2555.141067047673,2555.2962711717096,2553.9395968794292,2554.417888452301,2554.417888452301,3060497
2015-05-06,2555.574765668455,2557.8686346640175,2553.7740692369266,2556.3616394550327,2556.3616394550327,1150699
2015-05-07,2564.1289143946556,2566.293650902451,2564.085856217186,2564.524204803401,2564.524204803401,1149948
2015-05-08,2552.887645557118,2554.711245183825,2552.0889291369326,2551.8452701365513,2551.8452701365513,2115094
2015-05-11,2558.750445345056,2560.676801772991,2557.754581361232,2557.661520651829,2557.661520651829,1964048
2015-05-12,2555.316797650026,2555.3336626818527,2554.413627453347,2555.3093894150793,2555.3093894150793,2336287
2015-05-13,2552.0848363656987,2553.7984819438348,2549.89102953002,2551.7256163749053,2551.7256163749053,3577010
2015-05-14,2550.6683262777715,2552.3688926232217,2546.8405521196023,2549.9264067421645,2549.9264067421645,1995945
2015-05-15,2545.2678644637276,2546.3145502470716,2544.171706929759,2547.3958841233634,2547.3958841233634,4339153
2015-05-18,2551.601516570936,2552.2293966397624,2550.222296184812,2552.177255445315,2552.177255445315,4814326
2015-05-19,2551.8928327639787,2552.1080252792835,2550.327732785187,2552.2385854716335,2552.2385854716335,3271229
2015-05-20,2551.8635685214053,2553.5781821033806,2551.147051142305,2549.6128377338828,2549.6128377338828,4299176
2015-05-21,2555.0659950619006,2556.591143065394,2552.684132578971,2552.362126238563,2552.362126238563,1702218
2015-05-22,2553.817766791967,2554.1096511821047,2551.3081052492876,2552.870878050459,2552.870878050459,2744695
2015-05-25,2557.6792281917415,2559.1290291967666,2556.681292270301,2554.5645481498277,2554.5645481498277,1045102
2015-05-26,2561.4361034768604,2562.326991755316,2559.2928361031973,2560.8851509148035,2560.8851509148035,4755514
2015-05-27,2563.5539249370095,2565.898290999267,2560.664984422113,2564.184509578462,2564.184509578462,4433755
2015-05-28,2570.590270518513,2570.6923553777488,2569.3212119770956,2570.49773232239,2570.49773232239,2185712
2015-05-29,2571.396581816669,2572.7389692483107,2570.6319757106276,2571.2453436999217,2571.2453436999217,3464143
2015-06-01,2573.4494918004916,2577.4561681141668,2572.395818322511,2573.5207052881046,2573.5207052881046,3391478
2015-06-02,2572.873495297925,2573.020900802606,2572.1890282554036,2573.825709918745,2573.825709918745,4009672
2015-06-03,2570.1996921362706,2570.566129212185,2570.1685372367274,2571.173992074356,2571.173992074356,2036535
2015-06-04,2569.7087561219646,2570.1933138093755,2568.353768190799,2571.159521920453,2571.159521920453,3031449
2015-06-05,2570.7093908040215,2571.415269923308,2569.796278480432,2571.201845828553,2571.201845828553,3525063
2015-06-08,2574.859959520018,2577.231849586801,2573.5292939230153,2573.748133468225,2573.748133468225,2815673
2015-06-09,2570.9792294055287,2573.3724278009795,2565.8663510475412,2571.34607718226,2571.34607718226,4474591
2015-06-10,2567.1401909314086,2567.2449237199266,2565.0711263807975,2566.285736419619,2566.285736419619,1377108
2015-06-11,2559.352066257304,2560.652420220796,2558.9978208021635,2559.6136385206237,2559.6136385206237,4591674
2015-06-12,2559.826660235738,2561.6398549472506,2559.0192895907653,2559.4062195320867,2559.4062195320867,2650503
2015-06-15,2562.3897379743453,2565.6763622250446,2560.1331553162777,2561.1157393714134,2561.1157393714134,4409529
2015-06-16,2562.795671640143,2562.9536201462042,2561.1179183340532,2561.808614167159,2561.808614167159,3558362
2015-06-17,2563.2503055976667,2564.080348514543,2561.711695021055,2562.7612185330454,2562.7612185330454,4193644
2015-06-18,2564.483111654214,2565.0089513517028,2564.405193987891,2563.2166514779665,2563.2166514779665,4528665
2015-06-19,2565.238913670513,2566.5222200422427,2565.187149153431,2564.090619115688,2564.090619115688,2254348
2015-06-22,2573.174563109619,2574.4060259760686,2572.767345295503,2573.1506240193967,2573.1506240193967,1980615
2015-06-23,2580.634427253106,2581.1236067987834,2578.827037167575,2580.176459743079,2580.176459743079,3115345
2015-06-24,2584.2149258480454,2586.445716688731,2582.4183111333905,2584.1037219991176,2584.1037219991176,2108443
2015-06-25,2590.628752646627,2591.279789746836,2590.4481452017844,2592.0267149862775,2592.0267149862775,2164200
2015-06-26,2583.0240052138824,2585.584825843887,2582.5228559700504,2582.8287823511446,2582.8287823511446,2136371
2015-06-29,2582.1697075422844,2584.4863219874046,2581.703547051912,2582.0846924937437,2582.0846924937437,3624634
2015-06-30,2583.6795468404675,2584.122082719977,2580.928041271084,2581.4458170143716,2581.4458170143716,4905264
2015-07-01,2581.673460061884,2583.178562019108,2581.0376192755166,2581.046970620911,2581.046970620911,4034318
2015-07-02,2576.863577299147,2577.121394890739,2575.663634603891,2577.855947606383,2577.855947606383,1846070
2015-07-03,2580.512708181213,2584.5225834495022,2579.0395350463227,2579.510289980723,2579.510289980723,3283781
2015-07-06,2572.127211439621,2575.366754253106,2568.4949603088157,2571.134430452412,2571.134430452412,3150200
2015-07-07,2573.218603306022,2577.7230187763976,2569.85933858382,2574.010653273459,2574.010653273459,3517834
2015-07-08,2570.4229340990732,2570.643099299065,2569.5290938686753,2569.4097408131533,2569.4097408131533,2968669
2015-07-09,2576.3516573557704,2578.1443467999875,2575.1431271640467,2576.5132097426663,2576.5132097426663,4190391
2015-07-10,2580.578363529403,2582.373848741034,2580.3281464872002,2578.9895691161955,2578.9895691161955,1391969
2015-07-13,2573.992781406442,2578.4946752029164,2573.965625076746,2574.9623896968237,2574.9623896968237,3550756
2015-07-14,2569.028988596809,2570.2672215131925,2568.9556620339426,2569.907446941412,2569.907446941412,3260966
2015-07-15,2576.8655366289736,2577.857819103371,2575.249586663859,2576.8355909553375,2576.8355909553375,1144605
2015-07-16,2577.218225912635,2577.943043924642,2576.956537554371,2575.658788201158,2575.658788201158,3128433
2015-07-17,2575.7409720903393,2575.8408733616225,2574.4364541043565,2574.9659514073933,2574.9659514073933,2699863
2015-07-20,2578.303898457311,2579.4703564124743,2578.1273944121763,2578.293689781623,2578.293689781623,2153325
2015-07-21,2570.4554428802107,2572.569141456344,2566.7414066387064,2569.880076190369,2569.880076190369,3755091
2015-07-22,2560.124437434886,2561.07693772499,2559.6668853795777,2562.2872408848684,2562.2872408848684,1751770
2015-07-23,2567.0538080431224,2569.1953103419,2562.5893680667327,2566.8225402383314,2566.8225402383314,1507608
2015-07-24,2581.032291477512,2581.7968699946377,2579.5211621589806,2579.248299555735,2579.248299555735,3758277
2015-07-27,2593.8052183683203,2597.078711896973,2593.6121930037625,2593.757437301204,2593.757437301204,4471531
2015-07-28,2598.655558938176,2599.9947079254302,2597.513954625689,2597.861825061221,2597.861825061221,1412960
2015-07-29,2596.8918919287444,2598.107803500922,2596.3891570980713,2596.639361336812,2596.639361336812,4917031
2015-07-30,2593.757130091566,2593.9272938190466,2591.3071509601486,2593.976800821813,2593.976800821813,1851384
2015-07-31,2597.949628193145,2599.353968308565,2596.8345377331193,2597.9983501391816,2597.9983501391816,3829321
2015-08-03,2597.810083248158,2600.206514102144,2591.5382052682767,2596.8915414715802,2596.8915414715802,3765450
2015-08-04,2598.5830997377075,2601.735051090388,2596.5945982561534,2598.262467072848,2598.262467072848,2772359
2015-08-05,2597.2488628373703,2601.022308220023,2593.945046987758,2596.645289887058,2596.645289887058,4761468
2015-08-06,2591.8902784551938,2592.9458046108557,2591.766067010612,2591.715720522202,2591.715720522202,4636639
2015-08-07,2605.3724848048223,2605.5177324472693,2602.6657945784527,2604.5322915790334,2604.5322915790334,3030076
2015-08-10,2604.528527164614,2606.620937557454,2602.016159209902,2605.117429488972,2605.117429488972,3057862
2015-08-11,2609.190231355687,2612.4870619694566,2609.1237815608147,2608.9423925651095,2608.9423925651095,1851403
2015-08-12,2611.9076812440753,2612.716520252668,2611.0483470413847,2613.0619816867606,2613.0619816867606,1350294
2015-08-13,2612.6413276242433,2614.332647490949,2609.106679007664,2612.084152860755,2612.084152860755,3038561
2015-08-14,2611.335272181824,2611.8586495042164,2609.062229995273,2612.808216600018,2612.808216600018,2348794
2015-08-17,2601.9227482783717,2604.2392949226296,2599.7490748426903,2603.7592888121317,2603.7592888121317,2080238
2015-08-18,2595.3776062974457,2596.07335940468,2592.621951080307,2596.5589896132433,2596.5589896132433,3180203
2015-08-19,2594.4341569386675,2595.6141168450545,2593.9938187139232,2595.8020994245194,2595.8020994245194,1086709
2015-08-20,2596.0535073920555,2596.745894692212,2592.9709883506507,2596.0503698265998,2596.0503698265998,4807575
2015-08-21,2590.086577306841,2590.745816234687,2588.4789101018264,2590.387385369809,2590.387385369809,4865603
2015-08-24,2583.746315877917,2584.353466127665,2582.994751184708,2583.469846178287,2583.469846178287,4845691
2015-08-25,2579.336202353347,2581.2948095993056,2578.5082386326408,2578.6518139388536,2578.6518139388536,2823748
2015-08-26,2575.641494648739,2576.864319742546,2574.183587264598,2574.315580269748,2574.315580269748,3775905
2015-08-27,2575.1707188106457,2575.479810465516,2573.861013761925,2576.344554088854,2576.344554088854,3377181
2015-08-28,2575.4796890906982,2576.9805504637243,2573.623741412996,2575.2981097462734,2575.2981097462734,1515984
2015-08-31,2570.479659866424,2572.2115017764786,2569.1654644987043,2570.298518050847,2570.298518050847,4766825
2015-09-01,2576.2496159456578,2576.732871477597,2575.410687725737,2576.131093605813,2576.131093605813,3973559
2015-09-02,2575.3930121693293,2576.153606487852,2574.373827303378,2574.916240163783,2574.916240163783,1182550
2015-09-03,2579.8858358156353,2582.637328606483,2577.121498368826,2578.4606343977675,2578.4606343977675,3110614
2015-09-04,2582.3865589908946,2583.115591190909,2581.2633347203664,2580.9691872729413,2580.9691872729413,4077969
2015-09-07,2584.7989176056008,2585.3336332589906,2580.7075071209374,2585.9244296083193,2585.9244296083193,2316273
2015-09-08,2595.36223899444,2598.3212676709886,2592.942552840441,2595.4039213747187,2595.4039213747187,2603547
2015-09-09,2605.223566688368,2607.531415356172,2604.811749201388,2605.1056732213046,2605.1056732213046,3208948
2015-09-10,2602.4870717240815,2604.320806254582,2601.952469367989,2604.367599272436,2604.367599272436,4750910
2015-09-11,2601.6994566334597,2604.305428233565,2599.9580906131505,2602.518050039346,2602.518050039346,1243623
2015-09-14,2599.309801127192,2600.852876905637,2598.115101028962,2598.1456907408074,2598.1456907408074,3542130
2015-09-15,2594.9143813051483,2596.156764986852,2594.483742081646,2596.301729841302,2596.301729841302,2987762
2015-09-16,2597.7614850805985,2600.5110677888692,2595.3237614214495,2596.268332552626,2596.268332552626,1256296
2015-09-17,2601.73321999054,2603.466716634775,2599.3749015219596,2601.5739384509207,2601.5739384509207,3120301
2015-09-18,2596.902502112314,2600.199719009792,2596.153897660863,2597.3858251418865,2597.3858251418865,3524292
2015-09-21,2604.1600944548486,2606.0625034986115,2602.362390396813,2604.3974250706838,2604.3974250706838,2816385
2015-09-22,2604.288849416105,2606.725968570662,2603.7075267208234,2605.031941580777,2605.031941580777,1468074
2015-09-23,2608.0210338711245,2609.7441278633064,2606.8784883473145,2609.2865007788014,2609.2865007788014,2664069
2015-09-24,2612.3500105381117,2612.9626833642806,2611.8808788406227,2614.1052239880514,2614.1052239880514,2869059
2015-09-25,2621.8451530666657,2622.2634192436158,2617.843651016895,2622.1995452972865,2622.1995452972865,1290798
2015-09-28,2625.414156556411,2627.4965982887857,2623.137714482895,2625.47183332253,2625.47183332253,1843661
2015-09-29,2620.9025412703977,2620.9651725239605,2620.304755254832,2621.7645230141306,2621.7645230141306,3915717
2015-09-30,2625.2904003433673,2626.4562273916063,2623.1845436174017,2624.6880344105816,2624.6880344105816,3166899
2015-10-01,2627.2151794719257,2629.5892224191753,2625.7713522462764,2625.8877894283587,2625.8877894283587,2719747
2015-10-02,2628.337201982521,2631.2102970933056,2625.5199971575967,2628.3028142380285,2628.3028142380285,1247549
2015-10-05,2626.3480287072603,2627.973690829829,2624.7321647576846,2627.4022169130376,2627.4022169130376,4418685
2015-10-06,2627.9493963594364,2629.2399444393204,2627.4349573204167,2628.345897924392,2628.345897924392,3967016
2015-10-07,2634.4496089645822,2637.0220839975923,2633.099516165413,2633.083389510322,2633.083389510322,2829924
2015-10-08,2629.5118478895592,2629.8151785244995,2628.9495630463816,2630.3608463522933,2630.3608463522933,2877279
2015-10-09,2623.555729570951,2624.992049476959,2622.9090323190635,2624.9157014126686,2624.9157014126686,3245638
2015-10-12,2624.203220436536,2625.799340404526,2621.8642372205495,2624.8315662974824,2624.8315662974824,4417083
2015-10-13,2617.0592762006927,2618.8603805318517,2615.540730578848,2618.21262160541,2618.21262160541,3439069
2015-10-14,2622.723513749273,2624.854400461475,2619.1293666605243,2623.4153776871826,2623.4153776871826,3420480
2015-10-15,2627.70581145709,2628.181431888117,2625.6977606190717,2626.6842189085796,2626.6842189085796,1987888
2015-10-16,2636.3951917609256,2637.4982613277,2635.874618180775,2636.822713345604,2636.822713345604,2809808
2015-10-19,2641.0224765843436,2642.3116709234364,2639.078370575663,2641.452285941202,2641.452285941202,4960075
2015-10-20,2633.147043611307,2633.876379918783,2631.925968062017,2632.918082584462,2632.918082584462,1564405
2015-10-21,2632.687047280967,2633.670204581993,2630.8363654536984,2632.723235368966,2632.723235368966,4310329
2015-10-22,2634.0776650247763,2635.1502089453484,2633.249229026946,2634.022902896922,2634.022902896922,2465803
2015-10-23,2629.0739377205996,2631.547888997324,2628.13618577004,2629.091112506319,2629.091112506319,2009179
2015-10-26,2633.473403464719,2633.823602677768,2631.7401622967272,2635.0949181550477,2635.0949181550477,3645272
2015-10-27,2632.1168950390916,2634.394258464701,2631.202043240059,2632.129240052593,2632.129240052593,1967084
2015-10-28,2630.4310288937036,2631.555793531617,2626.055751076223,2630.408382120259,2630.408382120259,2595594
2015-10-29,2621.0238451520245,2624.2816289772027,2618.559505328896,2620.2679569661036,2620.2679569661036,2745244
2015-10-30,2619.2346287502482,2623.8152437085846,2616.9042513930135,2621.064466296669,2621.064466296669,1399385
2015-11-02,2623.27390162395,2623.6363620285156,2620.367346317541,2624.046861267249,2624.046861267249,2338344
2015-11-03,2633.0989518675538,2633.801992956627,2631.1038879303596,2633.770006758932,2633.770006758932,4534424
2015-11-04,2625.256733878346,2626.3099726690316,2624.7825897762073,2626.4808448272324,2626.4808448272324,3958382
2015-11-05,2623.99921168678,2624.8599885704452,2621.950378631173,2623.707162676951,2623.707162676951,1133630
2015-11-06,2631.4157306601883,2631.643017331745,2630.1036776690576,2629.9345998165086,2629.9345998165086,4313359
2015-11-09,2633.894073349286,2635.9862464080916,2632.3087441117027,2634.3862898264074,2634.3862898264074,4493598
2015-11-10,2631.421575437951,2635.173156464752,2625.968989538039,2631.023599703894,2631.023599703894,4374533
2015-11-11,2637.3529623486575,2638.731113966928,2637.1338305140553,2638.0013129020913,2638.0013129020913,4999884
2015-11-12,2643.269647755673,2644.299354163723,2642.994830652335,2644.014421788045,2644.014421788045,1506440
2015-11-13,2642.6120331417,2646.9197703589816,2641.4343951797387,2641.415888613351,2641.415888613351,3987048
2015-11-16,2643.1895978559487,2644.747147499356,2641.8707546815062,2643.0548509859773,2643.0548509859773,1418566
2015-11-17,2644.7492586203475,2645.067803088117,2644.440576746584,2644.7880287375997,2644.7880287375997,2621143
2015-11-18,2648.58683200968,2648.7513423359164,2646.083104537451,2646.9774326756965,2646.9774326756965,4236706
2015-11-19,2650.9118996933366,2652.035942543892,2647.1113282033944,2650.543866527737,2650.543866527737,2895160
2015-11-20,2645.781817983168,2646.532558449613,2645.047169908591,2644.8719870087593,2644.8719870087593,3809021
2015-11-23,2635.575339341523,2635.8638248857187,2633.237615664661,2637.2523656913077,2637.2523656913077,4563496
2015-11-24,2632.0156438236513,2632.6395039351864,2630.133304731676,2633.4405514097884,2633.4405514097884,4076433
2015-11-25,2634.2169054864407,2634.251981901129,2633.1171081844905,2632.8032041917186,2632.8032041917186,3899626
2015-11-26,2631.0374747806104,2634.28280410763,2628.0176496176773,2630.9411058284795,2630.9411058284795,4029178
2015-11-27,2633.1637124117456,2634.6338485155898,2633.0442917788105,2632.554537404262,2632.554537404262,4197973
2015-11-30,2624.2357866485213,2628.811517215136,2621.6490687169676,2626.490123295567,2626.490123295567,2091021
2015-12-01,2622.066105534367,2622.9156819065784,2621.870785740881,2622.1554416780573,2622.1554416780573,3986543
2015-12-02,2630.4390351453067,2630.7628206747677,2629.1947529142526,2630.298382170605,2630.298382170605,1616369
2015-12-03,2630.434600702013,2631.745321023097,2629.3526805287074,2630.5476011917694,2630.5476011917694,4247630
2015-12-04,2626.8998947959817,2627.810896457891,2626.4802768433124,2627.552362694668,2627.552362694668,3079135
2015-12-07,2629.2886008738074,2630.056888563907,2628.2202720989058,2629.643926398586,2629.643926398586,3228141
2015-12-08,2625.6182832917143,2627.4870864205955,2623.530860506607,2625.8354133191424,2625.8354133191424,3896575
2015-12-09,2619.8921390219125,2621.150041820911,2615.7270493411825,2619.5541674893834,2619.5541674893834,4347914
2015-12-10,2615.9968899535465,2617.04420242102,2610.610572138774,2614.282267066505,2614.282267066505,2169015
2015-12-11,2609.3810274979887,2610.708899363542,2609.2662472765724,2608.3244698916433,2608.3244698916433,1537278
2015-12-14,2618.1397428357527,2622.8805958616813,2617.432475975971,2616.384004941026,2616.384004941026,4382289
2015-12-15,2609.5773209805166,2609.847027221132,2608.519244644357,2611.5006787405546,2611.5006787405546,2814475
2015-12-16,2617.9022217577226,2618.7442626055254,2616.871426563156,2616.8384873152645,2616.8384873152645,1373578
2015-12-17,2611.2701916654078,2615.1686768526138,2611.057992547156,2611.3843345266305,2611.3843345266305,1059528
2015-12-18,2609.589032089405,2612.977615057933,2608.666943995531,2610.8755128416915,2610.8755128416915,2300033
2015-12-21,2617.368006535938,2618.319275471561,2616.45917501407,2617.5793563239968,2617.5793563239968,2963879
2015-12-22,2622.129338285142,2624.020579553954,2618.3055246534427,2622.1360492322747,2622.1360492322747,1709953
2015-12-23,2622.4436056590607,2622.5173717407174,2621.9900771225293,2622.514452952551,2622.514452952551,3899203
2015-12-24,2626.1793480314245,2628.9118926618107,2625.5486816505436,2626.995447380683,2626.995447380683,1705848
2015-12-25,2636.880541451851,2637.4940260390013,2634.885209216994,2635.677261480978,2635.677261480978,3524124
2015-12-28,2643.2352806601525,2643.742442377757,2643.112407141143,2643.695878830691,2643.695878830691,4582002
2015-12-29,2649.8860843639914,2652.8071406713148,2648.8444166569834,2651.7420307136595,2651.7420307136595,1201041
2015-12-30,2658.7556972237044,2660.370781284787,2656.9753770103953,2657.9858372538456,2657.9858372538456,4432750
2015-12-31,2652.933394194007,2655.7087404962267,2651.7037455088744,2653.2268960340125,2653.2268960340125,1685032
2016-01-01,2655.4311733400627,2656.130763678162,2652.9837193141834,2655.070039283015,2655.070039283015,2092156
2016-01-04,2662.3948568647365,2665.376451059515,2662.204626099573,2662.8993054421135,2662.8993054421135,4504755
2016-01-05,2663.02127913518,2663.6686382838716,2661.5178778441173,2663.58532500637,2663.58532500637,1727818
2016-01-06,2670.6422404620316,2672.0178939402986,2669.723198299688,2669.165144295433,2669.165144295433,2654146
2016-01-07,2671.9568657653463,2672.48807368466,2670.741385619167,2672.7437528963214,2672.7437528963214,1265792
2016-01-08,2667.844385255436,2669.15900030615,2667.7230639712675,2667.779962327399,2667.779962327399,1034136
2016-01-11,2671.602476037221,2674.5791154981425,2670.5471811676475,2672.770155911613,2672.770155911613,2401464
2016-01-12,2674.977561397072,2675.046734696408,2673.293106523902,2674.634296918956,2674.634296918956,2982204
2016-01-13,2671.936234758916,2672.108117725664,2671.291066531912,2671.876892460393,2671.876892460393,1758681
2016-01-14,2664.675279993093,2665.127734099399,2663.96032364449,2665.195003040567,2665.195003040567,4904035
2016-01-15,2658.476023099071,2659.672649838249,2657.606527795002,2659.3166654488955,2659.3166654488955,4117404
2016-01-18,2661.734474834961,2663.2979661920253,2661.1126155305883,2661.6679582048705,2661.6679582048705,2805664
2016-01-19,2669.2465042364333,2674.154818776805,2666.8178063971473,2669.946737060538,2669.946737060538,1002572
2016-01-20,2664.8301524308013,2668.271143470366,2662.380387698369,2665.3533738266465,2665.3533738266465,2298655
2016-01-21,2657.1216492001126,2657.3756254714517,2656.9066206918296,2657.3151476422026,2657.3151476422026,1996855
2016-01-22,2664.0952323237716,2665.0347259962355,2664.05360543459,2664.407557531104,2664.407557531104,1632710
2016-01-25,2662.1677825480815,2666.3061314807,2659.052917361658,2661.6198087287266,2661.6198087287266,2716800
2016-01-26,2671.703105436502,2672.7740164190473,2671.1053953739834,2670.4208363919483,2670.4208363919483,2884920
2016-01-27,2664.2812532701296,2668.4001610292435,2662.851417774365,2664.4576645474654,2664.4576645474654,4852267
2016-01-28,2663.618604424137,2664.372406709846,2662.2530092210727,2663.816566428722,2663.816566428722,3201501
2016-01-29,2654.7469738148043,2657.6051098205526,2653.2348836202887,2654.050470916418,2654.050470916418,3572330
2016-02-01,2659.562409157065,2660.640244282641,2657.397006071079,2658.63790415515,2658.63790415515,3785419
2016-02-02,2661.6009377216465,2662.793284216574,2661.5134283728044,2662.1540579923185,2662.1540579923185,3072949
2016-02-03,2659.3980802001997,2659.436927869386,2658.1533572144335,2659.218485274696,2659.218485274696,4735840
2016-02-04,2647.712045630563,2649.746124521469,2643.1593932954884,2646.287213304518,2646.287213304518,2315877
2016-02-05,2648.8454854394863,2649.263949404055,2648.468449268072,2649.187765077705,2649.187765077705,4887626
2016-02-08,2640.1355069494844,2641.9627668141866,2638.9679213551944,2641.1464466425655,2641.1464466425655,1717956
2016-02-09,2637.964060191242,2639.184383616338,2636.4742307192673,2637.0083983380646,2637.0083983380646,1053229
2016-02-10,2638.3435555771803,2640.634711852007,2635.9093598150853,2639.793928493599,2639.793928493599,4769882
2016-02-11,2633.9545582224946,2634.2402778774303,2633.0228673242646,2633.705945437048,2633.705945437048,1475011
2016-02-12,2638.135653681818,2638.8918767206756,2635.1948080058205,2637.568889049827,2637.568889049827,3009813
2016-02-15,2634.6207538280246,2634.8296353404403,2634.1923023787613,2633.708474851617,2633.708474851617,3011147
2016-02-16,2628.350890158815,2630.6238502382735,2627.3332700277037,2628.8232488123485,2628.8232488123485,1669618
2016-02-17,2630.063596056684,2630.5765235829635,2626.721650960899,2630.627537202284,2630.627537202284,4151624
2016-02-18,2629.283605255712,2629.294340729982,2627.5683940589884,2630.39465738321,2630.39465738321,4540496
2016-02-19,2625.733331369693,2627.252805157001,2625.191992433311,2625.2383150962837,2625.2383150962837,3663133
2016-02-22,2629.415370401243,2633.017388382643,2629.327386364698,2628.724600006562,2628.724600006562,2317984
2016-02-23,2625.7817674809285,2626.0433201261003,2623.6879233598906,2626.3710090148174,2626.3710090148174,1644015
2016-02-24,2628.134512879885,2631.084571315423,2625.0185040630345,2628.6009767675655,2628.6009767675655,3365807
2016-02-25,2624.940174904666,2628.861520061663,2622.716338684454,2623.3051308346517,2623.3051308346517,1589564
2016-02-26,2617.8843015216526,2618.5016739773146,2617.851612585081,2618.3107602892783,2618.3107602892783,3297361
2016-02-29,2619.923500317792,2620.7884253310585,2616.6525371447156,2619.7872976009303,2619.7872976009303,1653002
2016-03-01,2619.456392295229,2620.7658552851894,2614.669479900615,2619.5250125382627,2619.5250125382627,2497230
2016-03-02,2620.571746912733,2622.3786170909057,2620.1999938372915,2620.7702038970956,2620.7702038970956,4241060
2016-03-03,2617.654395274093,2619.368938825687,2617.0725092234047,2617.8436552717376,2617.8436552717376,3131185
2016-03-04,2623.469106060973,2627.0526973828755,2623.180994412473,2623.1506073931323,2623.1506073931323,4353920
2016-03-07,2625.673943041526,2627.7563614574406,2622.8484358489136,2624.011056901518,2624.011056901518,3315680
2016-03-08,2624.157225530451,2626.2044412915993,2623.8284450589263,2625.2525100539237,2625.2525100539237,3425081
2016-03-09,2629.6441679305876,2630.3419048606524,2625.916226848442,2630.0301086744903,2630.0301086744903,4838093
2016-03-10,2628.6715050890207,2628.869702503208,2627.667608592404,2628.616784260526,2628.616784260526,3209714
2016-03-11,2625.971394437997,2628.942038909248,2623.111179058834,2624.1994592928572,2624.1994592928572,2688763
2016-03-14,2628.7721840677623,2629.197447822658,2627.111889262794,2626.897837451569,2626.897837451569,2041216
2016-03-15,2627.881925873451,2629.8138418842896,2627.8227559984125,2628.551496847474,2628.551496847474,1842302
2016-03-16,2624.716710426529,2625.3901551138374,2624.013655114144,2624.956499365313,2624.956499365313,2130125
2016-03-17,2625.1913209750805,2625.5710280586736,2623.387167282182,2625.8907849799707,2625.8907849799707,3371755
2016-03-18,2635.410911367024,2637.9318031333796,2633.762040504007,2635.182123413872,2635.182123413872,1601024
2016-03-21,2636.2060143733747,2636.6237383152425,2635.7620548777913,2638.130301294584,2638.130301294584,3407253
2016-03-22,2642.7421705468873,2645.370852828442,2641.4264557805845,2643.336109034151,2643.336109034151,2234355
2016-03-23,2649.489961046488,2650.6827956215157,2648.0739600457227,2651.5150343955256,2651.5150343955256,2870694
2016-03-24,2652.5423554078975,2654.435349640876,2647.9898558046443,2651.6965638682186,2651.6965638682186,1240213
2016-03-25,2650.2293392849683,2650.6922374871638,2650.061268652221,2648.3209577895423,2648.3209577895423,2682383
2016-03-28,2649.571185881086,2650.630633138232,2649.018960248353,2649.8555249289525,2649.8555249289525,1304476
2016-03-29,2644.569406953483,2645.0361402301896,2643.885292374427,2645.0003532079554,2645.0003532079554,3403669
2016-03-30,2642.0323755137747,2642.232671702243,2640.7901673824135,2640.480654190442,2640.480654190442,1707381
2016-03-31,2628.9600442330047,2631.9203921831763,2627.6685577911926,2628.876010916045,2628.876010916045,1721189
2016-04-01,2629.5623106320263,2632.443772745534,2628.686335524103,2630.0830799816495,2630.0830799816495,3511082
2016-04-04,2638.8193668951453,2638.884923821267,2637.5343661893153,2637.947452522944,2637.947452522944,4104979
2016-04-05,2633.003334972243,2634.404988726589,2631.485197587802,2633.544093864696,2633.544093864696,3522015
2016-04-06,2633.4991831319485,2633.934695464521,2629.40552483934,2632.5882790411397,2632.5882790411397,3559046
2016-04-07,2628.584767711773,2631.083056899935,2627.212091085663,2628.852207523441,2628.852207523441,2297789
2016-04-08,2629.6770962179853,2630.559878824354,2627.49690713369,2628.790812698262,2628.790812698262,2513898
2016-04-11,2623.5652687951833,2626.030203778373,2619.687140306639,2623.6885516775915,2623.6885516775915,2338848
2016-04-12,2626.498187299775,2628.269434990135,2625.2040607576296,2627.5943199719018,2627.5943199719018,4864440
2016-04-13,2624.052281655343,2625.1084028565037,2623.8929212057055,2622.1745857825736,2622.1745857825736,3048396
2016-04-14,2623.061231101026,2624.644319971997,2622.2050621647404,2624.019551086882,2624.019551086882,1492244
2016-04-15,2630.946315242017,2631.708942540798,2628.3988183096585,2632.7983559129134,2632.7983559129134,1896770
2016-04-18,2640.026488527525,2640.9672772815866,2639.2443446243383,2641.081103399933,2641.081103399933,1987118
2016-04-19,2639.2785595639875,2639.467955905214,2638.053644857641,2640.0968504370458,2640.0968504370458,1500233
2016-04-20,2636.199177246875,2637.2081992346875,2635.2696915039287,2637.685708000067,2637.685708000067,1984191
2016-04-21,2642.769344059789,2644.9139017895154,2642.702451599245,2640.9216513842657,2640.9216513842657,4263842
2016-04-22,2643.117197018611,2646.7886433326994,2642.900710612588,2644.064402071034,2644.064402071034,3762822
2016-04-25,2646.72498470638,2648.165932951875,2643.9355593993273,2647.4499563797863,2647.4499563797863,3550314
2016-04-26,2646.415746679823,2648.5079265407453,2644.7836049799917,2644.0167925472865,2644.0167925472865,1606238
2016-04-27,2651.908880592772,2653.2538796264053,2651.30564423332,2651.6147706881634,2651.6147706881634,4043094
2016-04-28,2645.8182814152824,2646.8063732594524,2643.6767485099504,2646.7137329549682,2646.7137329549682,1719312
2016-04-29,2643.515630323857,2645.58740176653,2643.457869107013,2643.6000279304476,2643.6000279304476,1411387
2016-05-02,2648.446474493158,2648.818292823958,2646.381717393388,2649.3295889309834,2649.3295889309834,1738184
2016-05-03,2656.7662485629057,2658.1427577628647,2652.5851244062264,2657.5184026583333,2657.5184026583333,1450178
2016-05-04,2660.0299707387144,2664.3444488533974,2659.5139502508355,2659.900936597001,2659.900936597001,3427752
2016-05-05,2670.86730247027,2671.4318700615395,2668.024392772181,2670.6813112557074,2670.6813112557074,3748237
2016-05-06,2670.9593358794177,2673.007500648208,2669.9387753329493,2670.329895667013,2670.329895667013,4277654
2016-05-09,2674.845110260914,2679.066441696122,2674.501804330903,2672.217398459877,2672.217398459877,4729569
2016-05-10,2681.0565570368512,2684.622140916707,2678.781542553918,2679.308429898839,2679.308429898839,3341583
2016-05-11,2686.987213588114,2687.3460895960693,2686.5970615594583,2687.75227374357,2687.75227374357,2797780
2016-05-12,2688.4311298173343,2688.8188843454977,2684.919838031211,2690.838382641297,2690.838382641297,3627440
2016-05-13,2690.0886317385334,2692.391030354774,2688.285784732585,2690.986050640536,2690.986050640536,3597912
2016-05-16,2685.1175514110137,2686.7973661398273,2684.6576711435027,2684.3774753737725,2684.3774753737725,1321784
2016-05-17,2682.4437514634515,2683.592406159131,2677.8086994306655,2682.3523843140833,2682.3523843140833,3610329
2016-05-18,2684.1344459269058,2684.4113557778683,2682.233514837646,2685.02621932338,2685.02621932338,3037230
2016-05-19,2680.4149331653934,2682.002643658999,2679.2009810934596,2680.17922665936,2680.17922665936,1158413
2016-05-20,2682.584318898457,2683.8578567568857,2681.7278564896055,2681.4501517874555,2681.4501517874555,4503937
2016-05-23,2677.3023811011035,2680.9249652780336,2677.298057905942,2677.325802222483,2677.325802222483,3106693
2016-05-24,2682.191074746285,2682.978458378566,2681.992255267775,2682.8021454573527,2682.8021454573527,2275130
2016-05-25,2685.335619290893,2688.320829388777,2684.3934342710895,2686.272784372127,2686.272784372127,4686229
2016-05-26,2684.1362063874867,2684.956381868915,2683.9157330404746,2683.8710863946962,2683.8710863946962,2721789
2016-05-27,2676.556264461829,2677.1913097667243,2674.840740837323,2677.9014871181107,2677.9014871181107,3553358
2016-05-30,2678.7607491602407,2678.905322867534,2676.4171715556017,2679.9310256780896,2679.9310256780896,1637495
2016-05-31,2680.3036328843727,2681.406468681426,2678.590734900781,2680.781712718194,2680.781712718194,2635214
2016-06-01,2679.353811527452,2681.468449788224,2677.952718401272,2678.7992762010617,2678.7992762010617,3116647
2016-06-02,2682.384143358828,2685.8672970773027,2680.719310189209,2681.691441695194,2681.691441695194,2836278
2016-06-03,2689.7201459254993,2689.8619192164156,2689.3330709586626,2690.2216431826773,2690.2216431826773,3441214
2016-06-06,2687.5739765388985,2688.89877874196,2685.6925245485954,2686.1331122657984,2686.1331122657984,3421294
2016-06-07,2687.8577347425407,2689.3393738198406,2687.287015161389,2688.718329919148,2688.718329919148,3460721
2016-06-08,2687.0485062545886,2687.795353077117,2686.2040142919454,2687.9753973535994,2687.9753973535994,3559428
2016-06-09,2687.1388690247218,2688.4277775372566,2686.500636690091,2686.6302403516684,2686.6302403516684,2723789
2016-06-10,2683.4524882232827,2683.899161662735,2680.2726713834554,2685.0957552509603,2685.0957552509603,1070476
2016-06-13,2691.3772949117024,2693.931999976948,2688.576544242142,2690.0154899806485,2690.0154899806485,4728834
2016-06-14,2691.1008837164877,2693.3782465137615,2689.6812090829962,2692.46746733539,2692.46746733539,1776602
2016-06-15,2695.7219746839523,2697.5230650957647,2695.005188264657,2694.1052341910445,2694.1052341910445,3160952
2016-06-16,2697.437906031061,2698.439866829844,2693.755567406732,2696.1741987971495,2696.1741987971495,3924172
2016-06-17,2696.9081554071645,2698.456341111872,2694.741856385102,2697.2327959734816,2697.2327959734816,3570103
2016-06-20,2688.0912509469595,2688.675603219268,2687.4391732387585,2688.706544113226,2688.706544113226,3844940
2016-06-21,2684.7692649267715,2685.9445617985502,2684.4792161381656,2684.446677109007,2684.446677109007,4784659
2016-06-22,2688.5237973697226,2688.8780594564478,2686.501351603143,2688.4216416880754,2688.4216416880754,1606004
2016-06-23,2687.169945635858,2690.4320875050457,2686.3483532219557,2687.5244523162573,2687.5244523162573,3011964
2016-06-24,2695.6586527455565,2695.869521451305,2694.8062861694534,2694.248973476833,2694.248973476833,4406692
2016-06-27,2695.167288693399,2697.9428313264716,2692.923504253078,2695.7315964517443,2695.7315964517443,1211667
2016-06-28,2684.2919651328016,2685.450927362377,2682.2055311546274,2685.2081265922707,2685.2081265922707,4468244
2016-06-29,2689.738567568848,2690.3067048931825,2687.814935951721,2688.5483855083125,2688.5483855083125,1551530
2016-06-30,2687.2801983233753,2691.229003128972,2684.2291069720272,2687.5184023424745,2687.5184023424745,4432189
2016-07-01,2697.5846965480455,2697.972596955603,2695.9972660425624,2695.963225945537,2695.963225945537,1065645
2016-07-04,2703.7862157496916,2704.8023800270657,2701.618555179918,2704.3515024043727,2704.3515024043727,1497234
2016-07-05,2694.4705821513694,2695.5877246264704,2693.68598943786,2695.8502349561186,2695.8502349561186,1739364
2016-07-06,2688.9035912048926,2692.449069966383,2688.5508139925028,2690.5290037502873,2690.5290037502873,1094309
2016-07-07,2690.989024196454,2691.0415474602396,2689.4043904595865,2690.9651339150696,2690.9651339150696,1630563
2016-07-08,2686.1852547668987,2688.4325620445998,2685.3818423280736,2686.9246015583385,2686.9246015583385,4865687
2016-07-11,2686.91438673317,2688.5884242128514,2686.0846121689074,2686.698004717942,2686.698004717942,3993794
2016-07-12,2686.2222417287767,2686.619991422527,2684.2388855649347,2685.6167325104284,2685.6167325104284,3178409
2016-07-13,2678.7050423824157,2680.911357088113,2677.8486913236525,2678.6129061326624,2678.6129061326624,2364654
2016-07-14,2678.844193595561,2678.969807099991,2675.997893420353,2679.545776003228,2679.545776003228,1323516
2016-07-15,2675.837127983091,2676.8608996636945,2675.428976803059,2677.7546964510802,2677.7546964510802,3631466
2016-07-18,2677.6857808111163,2678.526690908834,2675.1663317987804,2678.049699712726,2678.049699712726,2672642
2016-07-19,2686.3066151400144,2687.1243296929674,2685.2060132464176,2684.619676322449,2684.619676322449,2444779
2016-07-20,2683.3277419933233,2683.9860001326406,2681.231734492705,2684.941374488336,2684.941374488336,1795576
2016-07-21,2683.5337226220495,2684.0082378636694,2681.131232240057,2684.6600314287152,2684.6600314287152,2582894
2016-07-22,2683.6255517980203,2685.139215032164,2683.5995877494433,2684.235317294969,2684.235317294969,1410039
2016-07-25,2685.911142496887,2687.750947657365,2685.7772534139062,2688.855359978841,2688.855359978841,3807702
2016-07-26,2683.889502327057,2685.4719073802066,2681.7082944612225,2683.284512865348,2683.284512865348,2036974
2016-07-27,2689.696374152999,2689.7347325952874,2688.8636874090403,2690.3105446498375,2690.3105446498375,4696156
2016-07-28,2686.437993966217,2686.7067545992736,2683.98022010888,2688.087901208847,2688.087901208847,1473656
2016-07-29,2693.235270393245,2693.7551218138465,2690.8935204533905,2692.5147340535386,2692.5147340535386,4857360
2016-08-01,2690.5313630721316,2694.7127558408683,2689.614436925879,2689.372549407018,2689.372549407018,2628098
2016-08-02,2689.3141095372944,2689.5556653565595,2686.9986817646236,2689.4071715411806,2689.4071715411806,4496669
2016-08-03,2698.331329859686,2700.595546152757,2696.9402979860915,2697.883590873198,2697.883590873198,2069781
2016-08-04,2697.1051946466378,2697.600476481682,2695.7834213427823,2697.5519485191126,2697.5519485191126,4783130
2016-08-05,2696.4742718192347,2699.7062211374237,2694.1253336890504,2696.9213087068556,2696.9213087068556,4677432
2016-08-08,2692.663655875112,2696.050784564313,2691.915608415853,2693.9936771137627,2693.9936771137627,3204105
2016-08-09,2693.2926169828447,2693.766137190031,2690.0156098529555,2694.935660108411,2694.935660108411,3313624
2016-08-10,2689.376344788656,2691.0471034371703,2688.4265838287974,2687.48235831739,2687.48235831739,1596950
2016-08-11,2686.960809603097,2687.225946125495,2686.9134481454403,2687.2281792814697,2687.2281792814697,4790962
2016-08-12,2680.04343390424,2682.4753090004797,2678.3675408646614,2678.7310232004147,2678.7310232004147,3920438
2016-08-15,2678.7112316120047,2678.838737370688,2675.8566971967457,2678.4574294145737,2678.4574294145737,2683227
2016-08-16,2677.628047058067,2678.4954077351817,2675.7789809586716,2677.772287104019,2677.772287104019,4714745
2016-08-17,2676.333843851111,2679.1763452659334,2675.5609990710823,2676.0068475736143,2676.0068475736143,3359074
2016-08-18,2678.79511986787,2679.23776354055,2678.5254238630146,2678.8289198492294,2678.8289198492294,4610489
2016-08-19,2677.263311725179,2679.925198818355,2676.252744836877,2676.7224518714083,2676.7224518714083,4184481
2016-08-22,2671.390924905783,2672.9961693133773,2668.410567757004,2670.3922629177287,2670.3922629177287,1938908
2016-08-23,2670.417717005488,2674.0018139620342,2669.542805021259,2669.3220424254587,2669.3220424254587,4186680
2016-08-24,2672.917601328956,2673.564849895896,2672.517534810575,2672.5471391423876,2672.5471391423876,3675556
2016-08-25,2679.0591708995325,2682.306337908521,2676.361813934481,2678.9362246749324,2678.9362246749324,2606105
2016-08-26,2687.5052663937217,2688.234878954204,2686.867894125792,2686.7725859522593,2686.7725859522593,2444099
2016-08-29,2688.4742962658543,2690.283280378481,2686.8725887367304,2690.7797325740294,2690.7797325740294,3340188
2016-08-30,2681.5454105166887,2683.410194337988,2681.273072863232,2683.1839551344738,2683.1839551344738,2268175
2016-08-31,2680.0144015566857,2680.185011788984,2678.239545243539,2682.485225355033,2682.485225355033,2948363
2016-09-01,2683.2005266488623,2683.3933954709396,2681.3196079407717,2683.8032163290313,2683.8032163290313,3235723
2016-09-02,2683.137802677113,2683.735191475236,2682.8923595181614,2684.786016802493,2684.786016802493,2486398
2016-09-05,2672.8167398462274,2675.2104365256487,2671.1327545169497,2672.396277671908,2672.396277671908,2921653
2016-09-06,2657.3629263998378,2660.1774552437123,2654.3593952108145,2657.181585701441,2657.181585701441,3233208
2016-09-07,2662.9275921547683,2662.933437511065,2660.859547201925,2663.480559129976,2663.480559129976,2421365
2016-09-08,2668.549976352654,2669.381581355066,2666.4890186231264,2668.7458605850766,2668.7458605850766,4435532
2016-09-09,2670.972544187649,2671.3590289574936,2670.680203472949,2671.3437278466854,2671.3437278466854,2097810
2016-09-12,2669.198555974187,2669.3966061109772,2667.6495043075656,2670.1632277414487,2670.1632277414487,3718944
2016-09-13,2669.8194381564967,2671.136495924963,2668.9884208422077,2669.3076151547966,2669.3076151547966,4887426
2016-09-14,2661.993003439873,2664.94912329503,2660.4700695537945,2662.8656657468982,2662.8656657468982,4746331
2016-09-15,2661.3854523062423,2664.2176686321395,2661.317147904509,2662.0913742956695,2662.0913742956695,3537464
2016-09-16,2672.1574856561097,2673.276281566494,2670.6302515091056,2671.841683384976,2671.841683384976,2794171
2016-09-19,2669.4777819888263,2670.184035799944,2667.884275520552,2669.3850487665795,2669.3850487665795,4089630
2016-09-20,2670.236412128265,2670.6082525406887,2669.837693157787,2670.475705353285,2670.475705353285,2238984
2016-09-21,2669.697699159926,2672.9328326056143,2666.100291252203,2671.9474100654747,2671.9474100654747,1202134
2016-09-22,2671.0038337501364,2671.7517261385005,2670.7664226803754,2670.427932530672,2670.427932530672,1925858
2016-09-23,2664.3988554225516,2666.7976272064457,2663.624085854712,2663.3566038700433,2663.3566038700433,2190115
2016-09-26,2670.8690168610015,2671.0018648628006,2670.4614825462554,2669.8691529108714,2669.8691529108714,1281775
2016-09-27,2678.9373565324204,2679.8096522439823,2676.4139163813243,2677.033887859801,2677.033887859801,4399244
2016-09-28,2678.621266130677,2685.816316576984,2674.411046027451,2678.7988469197157,2678.7988469197157,1327702
2016-09-29,2675.960355458021,2676.277850285655,2675.0746833198573,2675.3944993142986,2675.3944993142986,2892459
2016-09-30,2668.945029664529,2670.9865465735925,2666.626244751917,2669.966993592089,2669.966993592089,1581700
2016-10-03,2671.684442575381,2672.4729184467783,2669.818829246087,2670.9270842594383,2670.9270842594383,2392960
2016-10-04,2667.6323882987954,2667.8402650535636,2666.816917578881,2666.8092235074755,2666.8092235074755,4773693
2016-10-05,2675.118893362103,2677.6139497457434,2672.412455834271,2675.0857209862106,2675.0857209862106,2811069
2016-10-06,2680.5667179836714,2680.5931260879365,2679.582438183811,2679.7297698282396,2679.7297698282396,4071817
2016-10-07,2683.701162009939,2684.146355228173,2682.4374645714975,2684.583277687042,2684.583277687042,4402801
2016-10-10,2683.2045198186934,2687.0530278465058,2681.979610676479,2683.890035523642,2683.890035523642,1204667
2016-10-11,2690.5156022446613,2693.5920994861785,2690.0401076552007,2689.372761314976,2689.372761314976,4141792
2016-10-12,2692.307287429218,2694.1905329086057,2691.2135973136496,2693.3801692192824,2693.3801692192824,4503634
2016-10-13,2694.6494144695243,2695.950701556434,2690.6382019693306,2692.7777241487156,2692.7777241487156,1552845
2016-10-14,2694.6771216122343,2696.4581791174346,2690.2252108436915,2694.165416474296,2694.165416474296,2181009
2016-10-17,2692.8856863665646,2694.96062087362,2691.0573875412147,2691.623311933266,2691.623311933266,1606418
2016-10-18,2689.6803386111296,2692.151266724161,2688.9673923458035,2690.262655670016,2690.262655670016,1481727
2016-10-19,2686.547016831101,2689.060273404191,2683.4799104828535,2685.70057205677,2685.70057205677,4037904
2016-10-20,2683.579563829193,2685.4596038970694,2681.828462934446,2682.614390135762,2682.614390135762,3628658
2016-10-21,2680.271541589445,2682.4810130924843,2678.571005628404,2679.1773916713028,2679.1773916713028,4023217
2016-10-24,2685.7130599495936,2687.3389420463063,2683.831380276116,2685.028679321544,2685.028679321544,2139721
2016-10-25,2691.1927974186888,2691.9976048404346,2690.6792437846566,2688.6710807489826,2688.6710807489826,4004012
2016-10-26,2683.845136861507,2686.114702141312,2681.9486036865255,2682.2257139365215,2682.2257139365215,2506213
2016-10-27,2692.6354379201553,2693.333858360822,2692.583574858206,2692.191503599081,2692.191503599081,1468948
2016-10-28,2697.354458208556,2698.0241282953557,2696.89525907451,2698.218148772427,2698.218148772427,2185366
2016-10-31,2703.79049845956,2706.2787351569996,2702.632072857676,2701.495164036462,2701.495164036462,1003160
2016-11-01,2697.3299156048324,2697.499932404462,2696.902272123967,2697.683629763179,2697.683629763179,2520754
2016-11-02,2693.1260953147116,2693.597496983579,2692.5013315581855,2692.878331551685,2692.878331551685,1829941
2016-11-03,2693.60835435499,2695.958130043549,2691.5585350329934,2693.3299417799512,2693.3299417799512,1384306
2016-11-04,2696.289180486474,2700.6444607439007,2694.255060988163,2695.6510892474575,2695.6510892474575,3467434
2016-11-07,2686.497528966087,2687.4573397514396,2684.693948153398,2685.9302406459374,2685.9302406459374,2559389
2016-11-08,2684.179367459654,2684.2871915017995,2680.114333459171,2684.6538364272033,2684.6538364272033,2888692
2016-11-09,2685.2921095410343,2685.8915303532185,2684.0344331310553,2683.976145255247,2683.976145255247,4389951
2016-11-10,2690.6690649471457,2690.9202227413466,2690.437264584031,2689.7509923508383,2689.7509923508383,2434455
2016-11-11,2693.6864184331953,2694.8545165997407,2692.2359569231367,2694.1872173102597,2694.1872173102597,2127375
2016-11-14,2687.783475663512,2689.4672226924204,2687.661306149655,2689.039149152553,2689.039149152553,4238209
2016-11-15,2681.430723365819,2682.6621561714924,2677.8342964751496,2682.549211528181,2682.549211528181,3088761
2016-11-16,2683.388249585493,2686.0205423184216,2681.687408293254,2683.0399296126684,2683.0399296126684,2288817
2016-11-17,2679.251310594041,2679.945762698203,2678.969131380532,2679.390272302568,2679.390272302568,4819029
2016-11-18,2683.4507755068107,2684.431861178418,2681.3077485173235,2684.3341895176327,2684.3341895176327,2000364
2016-11-21,2682.0272526120634,2682.6067671774795,2680.6176091326665,2681.6678670825677,2681.6678670825677,1711336
2016-11-22,2690.730638291927,2694.76333030214,2687.7887609997388,2690.1251399563457,2690.1251399563457,2951232
2016-11-23,2689.9212468554456,2691.2973853633052,2689.386721432217,2690.8319818230184,2690.8319818230184,2508278
2016-11-24,2705.936048706911,2708.13334214208,2702.0248575431788,2704.8822305877784,2704.8822305877784,2970505
2016-11-25,2698.8758709936055,2699.649627901593,2697.155803312108,2699.178794695327,2699.178794695327,1926576
2016-11-28,2702.211677111189,2702.346337317376,2701.3984181997425,2703.8105466477728,2703.8105466477728,1547474
2016-11-29,2701.7734898329186,2703.7156246999803,2701.3443399484463,2702.909109967037,2702.909109967037,2849717
2016-11-30,2700.75048188932,2703.6426734682545,2698.5074379575626,2700.3865734969295,2700.3865734969295,2704958
2016-12-01,2698.6969117063345,2701.2622315509807,2697.8685770432553,2699.8757082967604,2699.8757082967604,3764384
2016-12-02,2706.9000187731085,2710.7604136152418,2704.550671706431,2707.0619126588203,2707.0619126588203,2802747
2016-12-05,2703.459764062391,2705.087001963076,2701.547669445672,2703.4900965003562,2703.4900965003562,4349663
2016-12-06,2704.1174419487756,2705.195710503128,2702.950667759147,2704.63212271248,2704.63212271248,4521809
2016-12-07,2698.790262487974,2699.9130960925304,2698.7336467709065,2698.4673931813763,2698.4673931813763,4086191
2016-12-08,2694.953270040391,2698.0426187982644,2691.250536612373,2694.234484483247,2694.234484483247,3601969
2016-12-09,2695.7542058194704,2697.5176509175276,2695.5247253629777,2695.9198964916573,2695.9198964916573,2670451
2016-12-12,2699.68102347004,2701.6427954195296,2699.6688227849286,2699.3230533092824,2699.3230533092824,3105237
2016-12-13,2705.117745328154,2706.81806291073,2701.4532626076875,2704.0187319336974,2704.0187319336974,2128881
2016-12-14,2703.225371377787,2706.1590067729144,2702.891868066023,2703.5631033259174,2703.5631033259174,3519171
2016-12-15,2699.987026452293,2704.2024546717043,2695.713379836508,2700.6734692802206,2700.6734692802206,3504080
2016-12-16,2705.703863991818,2706.615650396386,2700.7093469178208,2705.4407219493655,2705.4407219493655,4775436
2016-12-19,2712.9339169676323,2715.3593336516797,2708.9902480577334,2711.9852456282747,2711.9852456282747,3551167
2016-12-20,2712.2108326987372,2715.567797434615,2712.1270462635703,2713.4914222730354,2713.4914222730354,4041665
2016-12-21,2719.3551189098116,2720.865157399153,2714.9513885872693,2719.6061399144924,2719.6061399144924,2440320
2016-12-22,2725.5043733904677,2728.105236079195,2724.8013727089847,2724.490487856855,2724.490487856855,2323261
2016-12-23,2723.59160113797,2727.3152866175997,2721.3267450999047,2723.7425119884897,2723.7425119884897,1774133
2016-12-26,2729.933944909902,2732.023339398111,2729.47835784711,2729.6937683020537,2729.6937683020537,3783098
2016-12-27,2727.3561299404496,2728.8632382213373,2724.8709340437285,2727.589915647138,2727.589915647138,2892893
2016-12-28,2731.7705873269133,2732.8197258128807,2729.200933666215,2731.1227494890213,2731.1227494890213,3784317
2016-12-29,2734.411043943843,2736.2520044336434,2734.3377461871914,2734.8355975935247,2734.8355975935247,3503286
2016-12-30,2739.0588009597514,2740.268920593281,2735.6405207207204,2739.5789803045654,2739.5789803045654,3909633
